{
    "$schema": "https://schema.management.azure.com/schemas/2015-01-01/deploymentParameters.json#",
    "contentVersion": "1.0.0.0",
    "parameters": {
        "workflows_log_name": {
            "value": null
        },
        "connections_faceapi_name": {
            "value": null
        },
        "connections_azureblob_name": {
            "value": null
        },
        "connections_faceapi_1_name": {
            "value": null
        },
        "connections_azureblob_1_name": {
            "value": null
        },
        "connections_excelonline_name": {
            "value": null
        },
        "accounts_facefp_name": {
            "value": null
        },
        "storageAccounts_storageprojectss_name": {
            "value": null
        },
        "actionGroups_Application_Insights_Smart_Detection_name": {
            "value": null
        },
        "smartdetectoralertrules_failure_anomalies___logicproject_name": {
            "value": null
        },
        "smartdetectoralertrules_failure_anomalies___logicproject202111242012_name": {
            "value": null
        },
        "components_logicproject_externalid": {
            "value": null
        },
        "components_logicproject202111242012_externalid": {
            "value": null
        }
    }
}